{
    "parent": "item/generated",
    "textures": {
        "layer0": "item/bow"
    },
    "display": {
        "thirdperson_righthand": {
            "rotation": [ -80, 260, -40 ],
            "translation": [ -1, -2, 2.5 ],
            "scale": [ 0.9, 0.9, 0.9 ]
        },
        "thirdperson_lefthand": {
            "rotation": [ -80, -280, 40 ],
            "translation": [ -1, -2, 2.5 ],
            "scale": [ 0.9, 0.9, 0.9 ]
        },
        "firstperson_righthand": {
            "rotation": [ 0, -90, 25 ],
            "translation": [ 1.13, 3.2, 1.13],
            "scale": [ 0.68, 0.68, 0.68 ]
        },
        "firstperson_lefthand": {
            "rotation": [ 0, 90, -25 ],
            "translation": [ 1.13, 3.2, 1.13],
            "scale": [ 0.68, 0.68, 0.68 ]
        }
    },
    "overrides": [
        {
            "predicate": {
                "pulling": 1
            },
            "model": "item/bow_pulling_0"
        },
        {
            "predicate": {
                "pulling": 1,
                "pull": 0.65
            },
            "model": "item/bow_pulling_1"
        },
        {
            "predicate": {
                "pulling": 1,
                "pull": 0.9
            },
            "model": "item/bow_pulling_2"
        },
        {
            "predicate": {
                "custom_model_data": 1
            },
            "model": "item/antiproton_rifle"
        },
        {
            "predicate": {
                "pulling": 1,
                "custom_model_data": 1
            },
            "model": "item/antiproton_rifle_pulling_0"
        },
        {
            "predicate": {
                "pulling": 1,
                "pull": 0.65,
                "custom_model_data": 1
            },
            "model": "item/antiproton_rifle_pulling_1"
        },
        {
            "predicate": {
                "pulling": 1,
                "pull": 0.9,
                "custom_model_data": 1
            },
            "model": "item/antiproton_rifle_pulling_2"
        },
        {
            "predicate": {
                "custom_model_data": 2
            },
            "model": "item/disruptor"
        },
        {
            "predicate": {
                "pulling": 1,
                "custom_model_data": 2
            },
            "model": "item/disruptor_pulling_0"
        },
        {
            "predicate": {
                "pulling": 1,
                "pull": 0.65,
                "custom_model_data": 2
            },
            "model": "item/disruptor_pulling_1"
        },
        {
            "predicate": {
                "pulling": 1,
                "pull": 0.9,
                "custom_model_data": 2
            },
            "model": "item/disruptor_pulling_2"
        },

        {
            "predicate": {
                "custom_model_data": 3
            },
            "model": "item/phaser"
        },
        {
            "predicate": {
                "pulling": 1,
                "custom_model_data": 3
            },
            "model": "item/phaser_pulling_0"
        },
        {
            "predicate": {
                "pulling": 1,
                "pull": 0.65,
                "custom_model_data": 3
            },
            "model": "item/phaser_pulling_1"
        },
        {
            "predicate": {
                "pulling": 1,
                "pull": 0.9,
                "custom_model_data": 3
            },
            "model": "item/phaser_pulling_2"
        },

        {
            "predicate": {
                "custom_model_data": 4
            },
            "model": "item/plasma_blaster"
        },
        {
            "predicate": {
                "pulling": 1,
                "custom_model_data": 4
            },
            "model": "item/plasma_blaster_pulling_0"
        },
        {
            "predicate": {
                "pulling": 1,
                "pull": 0.65,
                "custom_model_data": 4
            },
            "model": "item/plasma_blaster_pulling_1"
        },
        {
            "predicate": {
                "pulling": 1,
                "pull": 0.9,
                "custom_model_data": 4
            },
            "model": "item/plasma_blaster_pulling_2"
        },

        {
            "predicate": {
                "custom_model_data": 5
            },
            "model": "item/polaron_cannon"
        },
        {
            "predicate": {
                "pulling": 1,
                "custom_model_data": 5
            },
            "model": "item/polaron_cannon_pulling_0"
        },
        {
            "predicate": {
                "pulling": 1,
                "pull": 0.65,
                "custom_model_data": 5
            },
            "model": "item/polaron_cannon_pulling_1"
        },
        {
            "predicate": {
                "pulling": 1,
                "pull": 0.9,
                "custom_model_data": 5
            },
            "model": "item/polaron_cannon_pulling_2"
        },

        {
            "predicate": {
                "custom_model_data": 7
            },
            "model": "item/tetryon_pistol"
        },
        {
            "predicate": {
                "pulling": 1,
                "custom_model_data": 7
            },
            "model": "item/tetryon_pistol_pulling_0"
        },
        {
            "predicate": {
                "pulling": 1,
                "pull": 0.65,
                "custom_model_data": 7
            },
            "model": "item/tetryon_pistol_pulling_1"
        },
        {
            "predicate": {
                "pulling": 1,
                "pull": 0.9,
                "custom_model_data": 7
            },
            "model": "item/tetryon_pistol_pulling_2"
        },

        {
            "predicate": {
                "custom_model_data": 8
            },
            "model": "item/tenth_screwdriver"
        },
        {
            "predicate": {
                "pulling": 1,
                "custom_model_data": 8
            },
            "model": "item/tenth_screwdriver_pulling_0"
        },
        {
            "predicate": {
                "pulling": 1,
                "pull": 0.65,
                "custom_model_data": 8
            },
            "model": "item/tenth_screwdriver_pulling_1"
        },
        {
            "predicate": {
                "pulling": 1,
                "pull": 0.9,
                "custom_model_data": 8
            },
            "model": "item/tenth_screwdriver_pulling_2"
        },

        {
            "predicate": {
                "custom_model_data": 9
            },
            "model": "item/eleventh_screwdriver"
        },
        {
            "predicate": {
                "pulling": 1,
                "custom_model_data": 9
            },
            "model": "item/eleventh_screwdriver_pulling_0"
        },
        {
            "predicate": {
                "pulling": 1,
                "pull": 0.65,
                "custom_model_data": 9
            },
            "model": "item/eleventh_screwdriver_pulling_1"
        },
        {
            "predicate": {
                "pulling": 1,
                "pull": 0.9,
                "custom_model_data": 9
            },
            "model": "item/eleventh_screwdriver_pulling_2"
        },

        {
            "predicate": {
                "custom_model_data": 10
            },
            "model": "item/twelvth_screwdriver"
        },
        {
            "predicate": {
                "pulling": 1,
                "custom_model_data": 10
            },
            "model": "item/twelvth_screwdriver_pulling_0"
        },
        {
            "predicate": {
                "pulling": 1,
                "pull": 0.65,
                "custom_model_data": 10
            },
            "model": "item/twelvth_screwdriver_pulling_1"
        },
        {
            "predicate": {
                "pulling": 1,
                "pull": 0.9,
                "custom_model_data": 10
            },
            "model": "item/twelvth_screwdriver_pulling_2"
        },

        {
            "predicate": {
                "custom_model_data": 11
            },
            "model": "item/war_screwdriver"
        },
        {
            "predicate": {
                "pulling": 1,
                "custom_model_data": 11
            },
            "model": "item/war_screwdriver_pulling_0"
        },
        {
            "predicate": {
                "pulling": 1,
                "pull": 0.65,
                "custom_model_data": 11
            },
            "model": "item/war_screwdriver_pulling_1"
        },
        {
            "predicate": {
                "pulling": 1,
                "pull": 0.9,
                "custom_model_data": 11
            },
            "model": "item/war_screwdriver_pulling_2"
        }
    ]
}
