{
	"credit": "Made with Blockbench",
	"parent": "minecraft:item/handheld",
	"textures": {
		"layer0": "item/fiery_greatsword"
	},
	"display": {
		"thirdperson_righthand": {
			"rotation": [0, -90, 55],
			"translation": [0, 10, 0.85],
			"scale": [1.4, 1.4, 1.4]
		},
		"thirdperson_lefthand": {
			"rotation": [0, 90, -55],
			"translation": [0, 10, 0.85],
			"scale": [1.4, 1.4, 1.4]
		},
		"firstperson_righthand": {
			"rotation": [0, -90, 25],
			"translation": [1.9, 5.4, 1.9],
			"scale": [1.1475, 1.1475, 1.1475]
		},
		"firstperson_lefthand": {
			"rotation": [0, 90, -25],
			"translation": [1.9, 5.4, 1.9],
			"scale": [1.1475, 1.1475, 1.1475]
		}
	}
}