{
	"credit": "Made with Blockbench",
	"textures": {
		"0": "item/obsidian/shield",
		"particle": "item/obsidian/shield"
	},
	"elements": [
		{
			"from": [1, 1, 0],
			"to": [15, 1, 16],
			"faces": {
				"up": {"uv": [1, 0, 15, 16], "texture": "#0"}
			}
		},
		{
			"from": [1, 0, 0],
			"to": [15, 0, 16],
			"faces": {
				"up": {"uv": [1, 0, 15, 16], "texture": "#0"},
				"down": {"uv": [1, 0, 15, 16], "rotation": 180, "texture": "#0"}
			}
		},
		{
			"from": [7, 0, 15],
			"to": [9, 1, 16],
			"faces": {
				"east": {"uv": [7, 15, 9, 16], "texture": "#0"},
				"south": {"uv": [8, 15, 9, 16], "texture": "#0"},
				"west": {"uv": [7, 15, 9, 16], "texture": "#0"}
			}
		},
		{
			"from": [5, 0, 14],
			"to": [11, 1, 15],
			"faces": {
				"east": {"uv": [7, 15, 9, 16], "texture": "#0"},
				"south": {"uv": [8, 15, 9, 16], "texture": "#0"},
				"west": {"uv": [7, 15, 9, 16], "texture": "#0"}
			}
		},
		{
			"from": [4, 0, 13],
			"to": [12, 1, 14],
			"faces": {
				"east": {"uv": [7, 15, 9, 16], "texture": "#0"},
				"south": {"uv": [8, 15, 9, 16], "texture": "#0"},
				"west": {"uv": [7, 15, 9, 16], "texture": "#0"}
			}
		},
		{
			"from": [3, 0, 12],
			"to": [13, 1, 13],
			"faces": {
				"east": {"uv": [7, 15, 9, 16], "texture": "#0"},
				"south": {"uv": [8, 15, 9, 16], "texture": "#0"},
				"west": {"uv": [7, 15, 9, 16], "texture": "#0"}
			}
		},
		{
			"from": [2, 0, 9],
			"to": [14, 1, 12],
			"faces": {
				"east": {"uv": [7, 15, 9, 16], "texture": "#0"},
				"south": {"uv": [8, 15, 9, 16], "texture": "#0"},
				"west": {"uv": [7, 15, 9, 16], "texture": "#0"}
			}
		},
		{
			"from": [1, 0, 4],
			"to": [15, 1, 9],
			"faces": {
				"north": {"uv": [0, 0, 2, 1], "texture": "#missing"},
				"east": {"uv": [7, 15, 9, 16], "texture": "#0"},
				"south": {"uv": [8, 15, 9, 16], "texture": "#0"},
				"west": {"uv": [7, 15, 9, 16], "texture": "#0"}
			}
		},
		{
			"from": [7, 1, 5],
			"to": [9, 7, 6],
			"faces": {
				"north": {"uv": [7, 15, 9, 16], "texture": "#0"},
				"east": {"uv": [7, 15, 9, 16], "texture": "#0"},
				"south": {"uv": [7, 15, 9, 16], "texture": "#0"},
				"west": {"uv": [7, 15, 9, 16], "texture": "#0"},
				"up": {"uv": [7, 15, 9, 16], "texture": "#0"},
				"down": {"uv": [7, 15, 9, 16], "texture": "#0"}
			}
		},
		{
			"from": [7, 1, 10],
			"to": [9, 7, 11],
			"faces": {
				"north": {"uv": [7, 15, 9, 16], "texture": "#0"},
				"east": {"uv": [7, 15, 9, 16], "texture": "#0"},
				"south": {"uv": [7, 15, 9, 16], "texture": "#0"},
				"west": {"uv": [7, 15, 9, 16], "texture": "#0"},
				"up": {"uv": [7, 15, 9, 16], "texture": "#0"},
				"down": {"uv": [7, 15, 9, 16], "texture": "#0"}
			}
		},
		{
			"from": [7, 6, 5],
			"to": [9, 7, 11],
			"faces": {
				"north": {"uv": [7, 15, 9, 16], "texture": "#0"},
				"east": {"uv": [7, 15, 9, 16], "texture": "#0"},
				"south": {"uv": [7, 15, 9, 16], "texture": "#0"},
				"west": {"uv": [7, 15, 9, 16], "texture": "#0"},
				"up": {"uv": [7, 15, 9, 16], "texture": "#0"},
				"down": {"uv": [7, 15, 9, 16], "texture": "#0"}
			}
		},
		{
			"from": [7, 1, 5],
			"to": [9, 2, 11],
			"faces": {
				"north": {"uv": [7, 15, 9, 16], "texture": "#0"},
				"east": {"uv": [7, 15, 9, 16], "texture": "#0"},
				"south": {"uv": [7, 15, 9, 16], "texture": "#0"},
				"west": {"uv": [7, 15, 9, 16], "texture": "#0"},
				"up": {"uv": [7, 15, 9, 16], "texture": "#0"},
				"down": {"uv": [7, 15, 9, 16], "texture": "#0"}
			}
		},
		{
			"from": [4, 0, 0],
			"to": [12, 1, 1],
			"faces": {
				"north": {"uv": [7, 0, 9, 1], "texture": "#0"},
				"east": {"uv": [7, 0, 9, 1], "texture": "#0"},
				"west": {"uv": [7, 0, 9, 1], "texture": "#0"}
			}
		},
		{
			"from": [2, 0, 1],
			"to": [14, 1, 2],
			"faces": {
				"north": {"uv": [5, 0, 8, 1], "texture": "#0"},
				"east": {"uv": [7, 0, 9, 1], "texture": "#0"},
				"west": {"uv": [7, 0, 9, 1], "texture": "#0"}
			}
		},
		{
			"from": [1, 0, 2],
			"to": [15, 1, 4],
			"faces": {
				"north": {"uv": [5, 0, 10, 1], "texture": "#0"},
				"east": {"uv": [7, 0, 9, 1], "texture": "#0"},
				"west": {"uv": [7, 0, 9, 1], "texture": "#0"}
			}
		}
	],
	"gui_light": "front",
	"display": {
		"thirdperson_righthand": {
			"rotation": [90, 0, 90],
			"translation": [-4, -2, 4]
		},
		"thirdperson_lefthand": {
			"rotation": [90, 0, 90],
			"translation": [-4, -2, 4]
		},
		"firstperson_righthand": {
			"rotation": [95, 0, -170],
			"translation": [1, -2, -9]
		},
		"firstperson_lefthand": {
			"rotation": [95, 0, -170],
			"translation": [1, -2, -9]
		},
		"ground": {
			"rotation": [90, 0, 0],
			"translation": [0, 0, 2.5],
			"scale": [0.5, 0.5, 0.5]
		},
		"gui": {
			"rotation": [90, 0, -180]
		},
		"head": {
			"rotation": [90.5, 0, 0],
			"translation": [0, 0, 0.5]
		},
		"fixed": {
			"rotation": [90, 0, 0],
			"translation": [0, 0, 6]
		}
	}
}